User Input,Chatbot Response,Timestamp
hello,Hi there,2024-09-10 01:21:51
how are you ,My purpose is to assist you,2024-09-10 01:21:57
weather ,"I'm sorry, I cannot provide real-time weather information.",2024-09-10 01:22:20
How do I create a budget,"To make a budget, start by tracking your income and expenses. Then, allocate your income towards essential expenses like rent, food, and bills. Next, allocate some of your income towards savings and debt repayment. Finally, allocate the remainder of your income towards discretionary expenses like entertainment and hobbies.",2024-09-10 01:22:30
Today is a nice weather,"I'm sorry, I cannot provide real-time weather information.",2024-10-03 08:29:52
How's the weather today,"I'm sorry, I cannot provide real-time weather information.",2024-10-03 08:30:47
Hi,Hello,2024-10-03 08:30:56
hi,Hi there,2024-12-08 11:41:21
how can i ,"Mindfulness techniques include meditation, deep breathing, body scanning, and mindful eating.",2024-12-08 11:41:40
how can i use music box,Growing a vegetable garden allows you to enjoy fresh produce and connect with nature.,2024-12-08 11:42:00
power of modern engines,"Sports cars ignite passion with their speed, power, and sleek designs.",2024-12-08 11:55:58
what is super car,Ride-sharing has reshaped how urban areas approach commuting and travel.,2024-12-08 11:56:46
how is weather today,Custom cars reflect creativity and personal expression through unique designs.,2024-12-08 12:00:22
vivo camara specifications,"From advanced cameras to fast processors, modern smartphones redefine convenience and innovation.",2024-12-08 12:08:09
best smart phone,"From advanced cameras to fast processors, modern smartphones redefine convenience and innovation.",2024-12-08 12:21:43
which is the best smart phone,"Mobile phones have become indispensable tools, offering cutting-edge technology and sleek designs.",2024-12-08 12:29:20
which is the best smart phone in 2024,"From advanced cameras to fast processors, modern smartphones redefine convenience and innovation.",2024-12-08 12:29:35
best time to buy smart phone,"The best time to buy a smartphone is during major sales events like Amazon Prime Day, Flipkart Big Billion Days, or Black Friday.",2024-12-08 12:32:08
best smart phone,"Gardening tips include choosing the right plants for your climate, watering properly, and using organic fertilizers.",2024-12-08 12:32:23
best smart phones in 2024,"Emotional intelligence (EQ) is the ability to understand and manage emotions, both in oneself and others.",2024-12-08 12:32:44
which is better online or offline shopping,"Mindfulness techniques include meditation, deep breathing, body scanning, and mindful eating.",2024-12-08 12:33:15
best smart phone,"Choosing the best smartphone depends on your needsâ€”consider factors like camera quality, performance, and battery life.",2024-12-08 12:53:15
best smart phone in 2024,"Some of the best smartphones include the iPhone 15 Pro Max, Samsung Galaxy S23 Ultra, and Google Pixel 8 Pro.",2024-12-08 12:53:26
which is better iphone or samsung,"Buying online often provides better discounts and exclusive deals, while offline shopping allows you to experience the phone before purchasing.",2024-12-08 12:53:52
budget phones,Realme is known for delivering flagship-level features in the budget segment.,2024-12-08 12:54:19
samsung features,"Samsung Galaxy phones offer top-tier displays, excellent cameras, and innovative designs, like foldables.",2024-12-08 12:54:32
samsung features',"Samsung Galaxy phones offer top-tier displays, excellent cameras, and innovative designs, like foldables.",2024-12-08 12:54:39
iqoo performance,iQOO delivers lightning-fast performance and exceptional gaming experiences.,2024-12-08 13:02:06
iphone security,"Apple prioritizes user privacy, offering industry-leading data protection in iOS.",2024-12-08 13:02:17
iqoo camara,iQOO phones are built for high-performance gaming with powerful processors and efficient cooling systems.,2024-12-08 13:02:27
iqoo 5g,Phones like the iPhone 14 and Samsung Galaxy S21 support 5G for enhanced connectivity.,2024-12-08 13:02:34
5g network,"5G support enables faster internet speeds and lower latency, which improves streaming, gaming, and downloads.",2024-12-08 13:02:45
samsung vs apple,"Samsung's AMOLED displays are among the best in the market, delivering vibrant colors and deep blacks.",2024-12-08 13:02:58
apple best selling phone,"Some of the best smartphones include the iPhone 15 Pro Max, Samsung Galaxy S23 Ultra, and Google Pixel 8 Pro.",2024-12-08 13:03:18
iphone 15 pro camara,"iPhones feature incredible performance, thanks to their iOS optimization and cutting-edge hardware.",2024-12-08 13:03:35
motorola,The Motorola Razr delivers a unique foldable experience with cutting-edge innovation.,2024-12-08 13:04:29
foldable phones,Foldable phones feature a flexible display that allows the phone to be unfolded into a larger screen.,2024-12-08 13:04:41
flip phones,Redmi phones dominate the midrange market with their powerful specs and great battery life.,2024-12-08 13:04:52
redmi heating issues,The Redmi Note series offers incredible value with impressive performance and cameras.,2024-12-08 13:05:06
redmi performance,The Redmi Note series offers incredible value with impressive performance and cameras.,2024-12-08 13:05:16
iqoo performance,iQOO delivers lightning-fast performance and exceptional gaming experiences.,2024-12-08 13:05:27
nokia mobiles,"Most Bluetooth accessories, like headphones and smartwatches, are cross-compatible with both iOS and Android devices.",2024-12-08 13:08:06
vivo camara quality,Vivo's advanced AI features make its cameras perfect for stunning photography.,2024-12-08 13:08:20
vivo performance,"Vivo phones are renowned for their excellent camera performance, particularly for selfie enthusiasts.",2024-12-08 13:08:31
vivo gaming performance,Vivo's advanced AI features make its cameras perfect for stunning photography.,2024-12-08 13:08:45
iphone vs galaxy,"Both phones offer solid performance, but the iPhone 13 has a more powerful processor, while the Galaxy S22 offers a higher display refresh rate for better visuals in fast-paced games.",2024-12-08 13:17:24
iphone vs samsung,"Samsung's AMOLED displays are among the best in the market, delivering vibrant colors and deep blacks.",2024-12-08 13:17:35
iphone vs samsung,"Samsung Galaxy phones offer top-tier displays, excellent cameras, and innovative designs, like foldables.",2024-12-08 13:18:00
best gaming performance,"The iPhone 15 Pro, while on the expensive side, offers an exceptional gaming experience due to its powerful A17 Pro chip, making it worth the price for gamers who prioritize high-quality performance.",2024-12-08 13:18:10
best smart phone,"Some of the best smartphones include the iPhone 15 Pro Max, Samsung Galaxy S23 Ultra, and Google Pixel 8 Pro.",2024-12-08 13:19:54
best gaming phone,"Phones like the Xiaomi Poco X5 Pro and Realme Narzo 60 offer solid gaming performance under $200, with good displays and capable processors.",2024-12-08 13:20:04
budget smart phone,"Budget phones can deliver impressive performance, though flagship models often offer extra features and power.",2024-12-08 13:21:35
budget smart phone examples,Phones under $400 like the Realme 9 Pro or Moto G Power offer excellent value for money.,2024-12-08 13:21:52
best [rocessor,"Choosing the best smartphone depends on your needsâ€”consider factors like camera quality, performance, and battery life.",2024-12-08 13:25:43
best processor,"Appleâ€™s A17 Pro is optimized for smooth gaming experiences, featuring a 6-core CPU and 16-core GPU, which ensures high frame rates.",2024-12-08 13:25:51
best processor in android,"iOS is known for its excellent software optimization, ensuring that games run smoothly on iPhones with minimal performance issues.",2024-12-08 13:26:08
hi,"Most Bluetooth accessories, like headphones and smartwatches, are cross-compatible with both iOS and Android devices.",2024-12-09 11:11:12
hi,"Android phones support a wide range of apps, while iOS has exclusive apps available only in the App Store.",2024-12-09 11:11:17
Whats special about the Samsung Galaxy S24 series?,Hello! Feel free to ask me anything.,2024-12-09 11:24:32
Whats special about the Samsung Galaxy S24 series?,Hey! How can I help?,2024-12-09 11:24:43
which is the best smart phone,Hello! How can I assist you today?,2024-12-09 11:25:02
samsung galaxy,Hi there! What can I do for you?,2024-12-09 11:25:22
hi,Hi! How can I make your day better?,2024-12-09 11:26:05
which is the best smart phone,Hey there! Whatâ€™s on your mind?,2024-12-09 11:26:20
iphone camara,Hello! How can I assist you today?,2024-12-09 11:26:38
iphone camara,Hey there! Whatâ€™s on your mind?,2024-12-09 11:26:41
iphone camar,Hi! How can I make your day better?,2024-12-09 11:26:42
samsung,"Samsung's AMOLED displays are among the best in the market, delivering vibrant colors and deep blacks.",2024-12-09 11:27:10
samsung galaxy,"Samsung Galaxy phones offer top-tier displays, excellent cameras, and innovative designs, like foldables.",2024-12-09 11:27:18
samsung galaxy 24,"Samsung Galaxy phones offer top-tier displays, excellent cameras, and innovative designs, like foldables.",2024-12-09 11:27:25
samsung vs iphone,"Samsung's AMOLED displays are among the best in the market, delivering vibrant colors and deep blacks.",2024-12-09 11:27:34
which is the best phone in android,"Budget phones can deliver impressive performance, though flagship models often offer extra features and power.",2024-12-09 11:27:46
hi,"Android phones support a wide range of apps, while iOS has exclusive apps available only in the App Store.",2024-12-09 11:27:55
hi,Hi there! What can I do for you?,2024-12-09 11:30:06
samsung galaxy,"Samsung's AMOLED displays are among the best in the market, delivering vibrant colors and deep blacks.",2024-12-09 11:30:11
hi,Hi there! What can I do for you?,2024-12-09 11:30:49
samsung,"Samsung Galaxy phones offer top-tier displays, excellent cameras, and innovative designs, like foldables.",2024-12-09 11:31:03
budget phone,Phones under $400 like the Realme 9 Pro or Moto G Power offer excellent value for money.,2024-12-09 11:31:12
best gaming phone,"While not as powerful as premium phones, budget options like the Motorola Moto G Power and Samsung Galaxy A14 provide decent performance for light gaming.",2024-12-09 11:32:06
samsung galaxy 24 vs iphone,"Samsung's AMOLED displays are among the best in the market, delivering vibrant colors and deep blacks.",2024-12-09 11:32:24
which is the best phone,"Budget phones can deliver impressive performance, though flagship models often offer extra features and power.",2024-12-09 11:32:39
best processor phones,The Snapdragon 8 Gen 3 and Apple A17 Pro are both powerhouse chips offering excellent gaming performance with improved GPU performance and energy efficiency.,2024-12-09 11:32:49
hi,Hi there! What can I do for you?,2024-12-09 11:39:51
samsung,"Samsung Galaxy phones offer top-tier displays, excellent cameras, and innovative designs, like foldables.",2024-12-09 11:39:55
which is the best smart phone,"While not as powerful as premium phones, budget options like the Motorola Moto G Power and Samsung Galaxy A14 provide decent performance for light gaming.",2024-12-09 11:53:44
hi,Hi there! What can I do for you?,2024-12-09 21:06:31
best smart phone,"Choosing the best smartphone depends on your needsâ€”consider factors like camera quality, performance, and battery life.",2024-12-09 21:06:37
iphone camara,"Apple prioritizes user privacy, offering industry-leading data protection in iOS.",2024-12-09 21:06:46
iphone privacy,"Apple prioritizes user privacy, offering industry-leading data protection in iOS.",2024-12-09 21:06:53
iphone security,"Look for features like biometric authentication, secure storage, and software updates for the best protection.",2024-12-09 21:06:58
iqoo camara,iQOO phones are built for high-performance gaming with powerful processors and efficient cooling systems.,2024-12-09 21:07:08
best camara mobile,"Phones like the ASUS ROG Phone and Lenovo Legion are designed specifically for mobile gaming, with high refresh rates and efficient cooling.",2024-12-09 21:07:17
best processor mobile phones,"Phones like the iPhone 15 Pro and the Samsung Galaxy S24 Ultra support 5G, ensuring fast network speeds for an improved online gaming experience.",2024-12-09 21:07:33
